Word,Category,Date Added,Imperative,Meaning,Status
r7 koon,Core and Connectors,18 June 2026 15:15,No,will be,Unmarked
l2nh,Core and Connectors,18 June 2026 15:15,No,because,Unmarked
amma,Core and Connectors,18 June 2026 15:15,No,as for / but,Unmarked
wala,Core and Connectors,18 June 2026 15:15,No,nor / not even,Unmarked
yemken,Core and Connectors,18 June 2026 15:15,No,maybe,Unmarked
3adi,Core and Connectors,18 June 2026 15:15,No,normal / fine / usually (habit),Unmarked
ma3ak ha2,Core and Connectors,18 June 2026 15:15,No,you're right,Unmarked
bas,Core and Connectors,18 June 2026 15:15,No,but,Unmarked
7atta,Core and Connectors,18 June 2026 15:15,No,until / even,Unmarked
zabe6,Core and Connectors,18 June 2026 15:15,No,correct / exactly,Unmarked
jami3an,Core and Connectors,18 June 2026 15:15,No,all together,Unmarked
koon,Core and Connectors,18 June 2026 15:15,No,be,Unmarked
kolna,Core and Connectors,18 June 2026 15:15,No,all of us,Unmarked
7a2i2i,Core and Connectors,18 June 2026 15:15,No,real / true,Unmarked
3an,Core and Connectors,18 June 2026 15:15,No,about / on,Unmarked
yelli,Core and Connectors,18 June 2026 15:15,No,that / which,Unmarked
sawa,Core and Connectors,18 June 2026 15:15,No,together,Unmarked
6ab3an,Core and Connectors,18 June 2026 15:15,No,of course,Unmarked
dayman,Core and Connectors,18 June 2026 15:15,No,always,Unmarked
law,Core and Connectors,18 June 2026 15:15,No,if,Unmarked
fa,Core and Connectors,18 June 2026 15:15,No,so,Unmarked
hal,Core and Connectors,18 June 2026 15:15,No,this (shortcut for hadtha al),Unmarked
a3'lab,Core and Connectors,18 June 2026 15:15,No,most / mostly,Unmarked
be9ara7a,Core and Connectors,18 June 2026 15:15,No,honestly,Unmarked
bala,Core and Connectors,18 June 2026 15:15,No,without,Unmarked
mashi,Core and Connectors,18 June 2026 15:15,No,okay / fine,Unmarked
badal,Core and Connectors,18 June 2026 15:15,No,instead,Unmarked
ba39',Core and Connectors,18 June 2026 15:15,No,each other,Unmarked
b al fe3el,Core and Connectors,18 June 2026 15:15,No,indeed / actually,Unmarked
metel,Core and Connectors,18 June 2026 15:15,No,like / to compare,Unmarked
ma3h ha2,Core and Connectors,18 June 2026 15:15,No,he's right,Unmarked
aw,Core and Connectors,18 June 2026 15:15,No,or,Unmarked
la heek,Core and Connectors,18 June 2026 15:15,No,so / therefore,Unmarked
ay,Core and Connectors,18 June 2026 15:15,No,any / which,Unmarked
mar9'an,Feelings and States,18 June 2026 15:16,No,sick,Unmarked
ba3den,Time and Sequence,18 June 2026 15:16,No,then / afterwards,Unmarked
e7tira8 wa9'ifi,Feelings and States,18 June 2026 15:16,No,burning out,Unmarked
bokra,Time and Sequence,18 June 2026 15:16,No,tomorrow,Unmarked
2areeb,Time and Sequence,18 June 2026 15:16,No,soon / near,Unmarked
raye2,Feelings and States,18 June 2026 15:16,No,chill / relaxed,Unmarked
wa2et ll tani,Time and Sequence,18 June 2026 15:16,No,from time to time,Unmarked
had al esboo3,Time and Sequence,18 June 2026 15:16,No,this week,Unmarked
sa3id,Feelings and States,18 June 2026 15:16,No,happy,Unmarked
fatra,Time and Sequence,18 June 2026 15:16,No,period,Unmarked
b al 9ebe7,Time and Sequence,18 June 2026 15:16,No,in the morning,Unmarked
ba3ed,Time and Sequence,18 June 2026 15:16,No,after,Unmarked
al yoom,Time and Sequence,18 June 2026 15:16,No,today,Unmarked
ma9'3'006,Feelings and States,18 June 2026 15:16,No,pressured / stressed,Unmarked
na3san,Feelings and States,18 June 2026 15:16,No,sleepy,Unmarked
2abl ma,Time and Sequence,18 June 2026 15:16,No,before,Unmarked
wa3i,Feelings and States,18 June 2026 15:16,No,aware / conscious / mature (m/f/pl: wa3i/wa3ieh/wa3ieen),Unmarked
al bare7,Time and Sequence,18 June 2026 15:16,No,yesterday,Unmarked
e7ba6,Feelings and States,18 June 2026 15:16,No,frustration,Unmarked
been / bin,Time and Sequence,18 June 2026 15:16,No,between,Unmarked
ammad,Time and Sequence,18 June 2026 15:16,No,term / time period,Unmarked
mabsoo6,Feelings and States,18 June 2026 15:16,No,happy,Unmarked
jo3an,Feelings and States,18 June 2026 15:16,No,hungry,Unmarked
ma3zool,Feelings and States,18 June 2026 15:16,No,isolated,Unmarked
metfa2el,Feelings and States,18 June 2026 15:16,No,optimistic,Unmarked
lamma,Time and Sequence,18 June 2026 15:16,No,when,Unmarked
hal fatra,Time and Sequence,18 June 2026 15:16,No,this period / lately,Unmarked
ta3ban,Feelings and States,18 June 2026 15:16,No,tired,Unmarked
merta7,Feelings and States,18 June 2026 15:16,No,comfortable,Unmarked
L,Time and Sequence,18 June 2026 15:16,No,until / to,Unmarked
ba3ed ma,Time and Sequence,18 June 2026 15:16,No,after (doing something),Unmarked
9aber,Feelings and States,18 June 2026 15:16,No,patient,Unmarked
akalet,Verbs,18 June 2026 15:16,No,I ate,Unmarked
eshtaret,Verbs,18 June 2026 15:16,No,I bought,Unmarked
5aber,Verbs,18 June 2026 15:16,No,to inform,Unmarked
rje3 / ra7na,Verbs,18 June 2026 15:16,No,to return / we went,Unmarked
na9'em,Verbs,18 June 2026 15:16,No,to organise,Unmarked
estaw3eb,Verbs,18 June 2026 15:16,Yes,to comprehend (imperative),Unmarked
sa3ed,Verbs,18 June 2026 15:16,No,to help,Unmarked
eltezem,Verbs,18 June 2026 15:16,No,to commit,Unmarked
tarjem,Verbs,18 June 2026 15:16,No,to translate,Unmarked
7a9'er (7adder),Verbs,18 June 2026 15:16,No,to prepare,Unmarked
e2tere7,Verbs,18 June 2026 15:16,No,to suggest,Unmarked
erta7 / erte7et,Verbs,18 June 2026 15:16,No,to rest / I rested,Unmarked
ekser,Verbs,18 June 2026 15:16,Yes,"break (mild, imperative)",Unmarked
e2bal,Verbs,18 June 2026 15:16,No,to accept,Unmarked
2a3edet,Verbs,18 June 2026 15:16,No,I sat,Unmarked
kemmel,Verbs,18 June 2026 15:16,No,to complete / continue,Unmarked
kasser,Verbs,18 June 2026 15:16,Yes,"break (destructive, imperative)",Unmarked
la2i / la2et,Verbs,18 June 2026 15:16,No,to find / I found,Unmarked
eshta2et / eshta2 / eshta2na,Verbs,18 June 2026 15:16,No,I/he/we missed (someone),Unmarked
ta3alom,Verbs,18 June 2026 15:16,No,learning,Unmarked
etrakam,Verbs,18 June 2026 15:16,No,to accumulate,Unmarked
7added,Verbs,18 June 2026 15:16,Yes,to set / select / define (imperative),Unmarked
shakkel / shakel,Verbs,18 June 2026 15:16,No,to form something,Unmarked
kaffi,Verbs,18 June 2026 15:16,No,to complete / to be enough,Unmarked
estamer / estamaret,Verbs,18 June 2026 15:16,No,to continue / I continued,Unmarked
wazzen,Verbs,18 June 2026 15:16,No,to weigh / balance,Unmarked
entabahet / entabah / entabahna,Verbs,18 June 2026 15:16,No,I/he/we noticed,Unmarked
ba33id,Verbs,18 June 2026 15:16,No,to stay away,Unmarked
7afe9',Verbs,18 June 2026 15:16,No,to memorise / keep,Unmarked
ziid,Verbs,18 June 2026 15:16,No,add / increase,Unmarked
3'ayyer,Verbs,18 June 2026 15:16,No,to change,Unmarked
7awel / 7awelet,Verbs,18 June 2026 15:16,No,to try / I tried,Unmarked
ykoon,Verbs,18 June 2026 15:16,No,to be (subjunctive),Unmarked
2deret,Verbs,18 June 2026 15:16,No,I was able to,Unmarked
a36i,Verbs,18 June 2026 15:16,No,to give,Unmarked
ne29et,Verbs,18 June 2026 15:16,No,decreased,Unmarked
e3tezer,Verbs,18 June 2026 15:16,No,to apologise,Unmarked
dabber / dabbaret,Verbs,18 June 2026 15:16,No,to arrange / I arranged,Unmarked
e7taj,Verbs,18 June 2026 15:16,Yes,to need (imperative),Unmarked
eta9el / eta9alet,Verbs,18 June 2026 15:16,No,to call / I called,Unmarked
naseb,Verbs,18 June 2026 15:16,No,to appoint / advise,Unmarked
bada2et / bada2na,Verbs,18 June 2026 15:16,No,I started / we started,Unmarked
b-y-ebda2,Verbs,18 June 2026 15:16,No,he begins (b-y-ebda2),Unmarked
efham,Verbs,18 June 2026 15:16,No,to understand,Unmarked
jarreb / jarrebet,Verbs,18 June 2026 15:16,No,to try / I tried,Unmarked
7a2e2,Verbs,18 June 2026 15:16,No,to achieve / to make true,Unmarked
e5tar,Verbs,18 June 2026 15:16,No,to choose,Unmarked
et2assam,Verbs,18 June 2026 15:16,No,to divide,Unmarked
7aket,Verbs,18 June 2026 15:16,No,you said (m),Unmarked
7aka,Verbs,18 June 2026 15:16,No,he said,Unmarked
etmana / b etmanalak,Verbs,18 June 2026 15:16,No,to wish / I wish you (m),Unmarked
2a9'i,Verbs,18 June 2026 15:16,No,to spend (time),Unmarked
e3te2ed,Verbs,18 June 2026 15:16,No,I believe / assume,Unmarked
e7lam,Verbs,18 June 2026 15:16,No,to dream,Unmarked
fa9'9'el,Verbs,18 June 2026 15:16,No,to prefer (verb),Unmarked
7aketi,Verbs,18 June 2026 15:16,No,you said (f),Unmarked
tajaddod,Verbs,18 June 2026 15:16,No,to regenerate,Unmarked
t-fa9'9'el,Verbs,18 June 2026 15:16,Yes,"here you are / go ahead (offering something, different from fa9'9'el)",Unmarked
b etmanalik,Verbs,18 June 2026 15:16,No,I wish you (f),Unmarked
7ako,Verbs,18 June 2026 15:16,No,they said,Unmarked
mashet,Verbs,18 June 2026 15:16,No,walked (general past tense),Unmarked
wa99el,Verbs,18 June 2026 15:16,Yes,connect (imperative),Unmarked
eshta3'alet,Verbs,18 June 2026 15:16,No,worked,Unmarked
etmashet,Verbs,18 June 2026 15:16,No,walked slowly / strolled (taking your time),Unmarked
7akena,Verbs,18 June 2026 15:16,No,we said,Unmarked
ta72i2,Verbs,18 June 2026 15:16,No,to achieve,Unmarked
kammel,Verbs,18 June 2026 15:16,No,to complete,Unmarked
7aketo,Verbs,18 June 2026 15:16,No,you said (plural),Unmarked
7akeet,Verbs,18 June 2026 15:16,No,I said,Unmarked
tamanni,Goals and Ideas,18 June 2026 15:16,No,wishing,Unmarked
a7das / 7adas,Goals and Ideas,18 June 2026 15:16,No,events / event,Unmarked
5e6weh,Goals and Ideas,18 June 2026 15:16,No,step,Unmarked
nata2ej,Goals and Ideas,18 June 2026 15:16,No,results,Unmarked
7eye6,People and Places,18 June 2026 15:16,No,wall,Unmarked
dars,People and Places,18 June 2026 15:16,No,lesson,Unmarked
emti7an,People and Places,18 June 2026 15:16,No,exam,Unmarked
5e6a,Goals and Ideas,18 June 2026 15:16,No,plan,Unmarked
mwa9alat,People and Places,18 June 2026 15:16,No,transportation,Unmarked
6a2es,People and Places,18 June 2026 15:16,No,weather,Unmarked
mosta2bal,Goals and Ideas,18 June 2026 15:16,No,future,Unmarked
ma8al,Goals and Ideas,18 June 2026 15:16,No,article,Unmarked
ta7deed,Goals and Ideas,18 June 2026 15:16,No,to set / to define,Unmarked
3ammeh,Goals and Ideas,18 June 2026 15:16,No,public,Unmarked
3eleh,People and Places,18 June 2026 15:16,No,family,Unmarked
ahdaf / hadaf,Goals and Ideas,18 June 2026 15:16,No,goals / goal,Unmarked
dawrat,People and Places,18 June 2026 15:16,No,courses,Unmarked
gym,People and Places,18 June 2026 15:16,No,gym,Unmarked
7elem,Goals and Ideas,18 June 2026 15:16,No,dream,Unmarked
deraseh,People and Places,18 June 2026 15:16,No,studying,Unmarked
mall,People and Places,18 June 2026 15:16,No,mall,Unmarked
rfe2 / rfe2ati,People and Places,18 June 2026 15:16,No,friend / my friends,Unmarked
jam3a,People and Places,18 June 2026 15:16,No,university,Unmarked
ma63am,People and Places,18 June 2026 15:16,No,restaurant,Unmarked
ta7leel,Goals and Ideas,18 June 2026 15:16,No,analysis,Unmarked
5abar / a5bar,People and Places,18 June 2026 15:16,No,news (singular / plural),Unmarked
ahamiyet,Goals and Ideas,18 June 2026 15:16,No,importance,Unmarked
beet / beeti,People and Places,18 June 2026 15:16,No,house / my house,Unmarked
sha5e9,People and Places,18 June 2026 15:16,No,person,Unmarked
fare2,Goals and Ideas,18 June 2026 15:16,No,difference,Unmarked
fa9'el,Goals and Ideas,18 June 2026 15:17,No,favor,Unmarked
fe3el,Goals and Ideas,18 June 2026 15:17,No,verb / deed,Unmarked
ektifa2 zati,Goals and Ideas,18 June 2026 15:17,No,self-sufficiency,Unmarked
mar7aliyeh,Goals and Ideas,18 June 2026 15:17,No,stage (used to call something a stage),Unmarked
7afez,Goals and Ideas,18 June 2026 15:17,No,motivation,Unmarked
etijah,Goals and Ideas,18 June 2026 15:17,No,direction,Unmarked
hdoo2,Goals and Ideas,18 June 2026 15:17,No,calm / quiet / silence,Unmarked
sho men shan,Goals and Ideas,18 June 2026 15:17,No,what about,Unmarked
naje7 / naj7een,Goals and Ideas,18 June 2026 15:17,No,successful (m/pl),Unmarked
ejazeh,Goals and Ideas,18 June 2026 15:17,No,vacation / break,Unmarked
7assab,Goals and Ideas,18 June 2026 15:17,No,according to / depends,Unmarked
mar7aleh,Goals and Ideas,18 June 2026 15:17,No,level / stage,Unmarked
wa9'a3 / aw9'a3,Goals and Ideas,18 June 2026 15:17,No,position(s) / situation(s),Unmarked
siasyeh,Goals and Ideas,18 June 2026 15:17,No,politics,Unmarked
ta8adom,Goals and Ideas,18 June 2026 15:17,No,progress,Unmarked
man9'oor,Goals and Ideas,18 June 2026 15:17,No,perspective,Unmarked
mara7el,Goals and Ideas,18 June 2026 15:17,No,levels / stages,Unmarked
mo3ayan,Goals and Ideas,18 June 2026 15:17,No,specific,Unmarked
6abi3a,Goals and Ideas,18 June 2026 15:17,No,nature,Unmarked
mo7adeseh,Goals and Ideas,18 June 2026 15:17,No,conversation,Unmarked
esti3ab,Goals and Ideas,18 June 2026 15:17,No,comprehension,Unmarked
tajdeed,Goals and Ideas,18 June 2026 15:17,No,renewal,Unmarked
ni9'am,Abstract and Topics,18 June 2026 15:17,No,system,Unmarked
mosa3adeh,Abstract and Topics,18 June 2026 15:17,No,help,Unmarked
8arar,Abstract and Topics,18 June 2026 15:17,No,decision,Unmarked
ta6awor,Abstract and Topics,18 June 2026 15:17,No,development,Unmarked
tawazon,Abstract and Topics,18 June 2026 15:17,No,balance,Unmarked
ashia2,Abstract and Topics,18 June 2026 15:17,No,things,Unmarked
ta3'yeer,Abstract and Topics,18 June 2026 15:17,No,change (noun),Unmarked
da3em / al da3em al fani,Abstract and Topics,18 June 2026 15:17,No,support / technical support,Unmarked
8odra,Abstract and Topics,18 June 2026 15:17,No,ability,Unmarked
eltezam,Abstract and Topics,18 June 2026 15:17,No,commitment,Unmarked
2ather,Abstract and Topics,18 June 2026 15:17,No,effect,Unmarked
6alab,Abstract and Topics,18 June 2026 15:17,No,request / order,Unmarked
na9i7a,Abstract and Topics,18 June 2026 15:17,No,advice,Unmarked
maharat,Abstract and Topics,18 June 2026 15:17,No,skills,Unmarked
6a2a,Abstract and Topics,18 June 2026 15:17,No,energy,Unmarked
dour,Abstract and Topics,18 June 2026 15:17,No,role,Unmarked
anwa3,Abstract and Topics,18 June 2026 15:17,No,types,Unmarked
5ola9a,Abstract and Topics,18 June 2026 15:17,No,creativity,Unmarked
ta7adiat,Abstract and Topics,18 June 2026 15:17,No,challenges,Unmarked
wajib,Abstract and Topics,18 June 2026 15:17,No,obligation / duty,Unmarked
bedayeh,Abstract and Topics,18 June 2026 15:17,No,beginning,Unmarked
awlawyat / awlawieh,Abstract and Topics,18 June 2026 15:17,No,priorities,Unmarked
mo7awaleh,Abstract and Topics,18 June 2026 15:17,No,attempt,Unmarked
9'a3'e6,Abstract and Topics,18 June 2026 15:17,No,pressure,Unmarked
ra7a,Abstract and Topics,18 June 2026 15:17,No,rest / comfort,Unmarked
6are2,Abstract and Topics,18 June 2026 15:17,No,way / method,Unmarked
wa9'ifeh,Abstract and Topics,18 June 2026 15:17,No,job / assignment,Unmarked
2edam,Abstract and Topics,18 June 2026 15:17,No,front,Unmarked
nehayeh,Abstract and Topics,18 June 2026 15:17,No,end,Unmarked
ahamieh,Abstract and Topics,18 June 2026 15:17,No,importance / concern,Unmarked
tajrobeh / 5ebra,Abstract and Topics,18 June 2026 15:17,No,experience,Unmarked
mustamer,Descriptors,18 June 2026 15:17,No,continuous,Unmarked
taswi8,Abstract and Topics,18 June 2026 15:17,No,marketing,Unmarked
mosta3ajal / mosta3jel,Descriptors,18 June 2026 15:17,No,urgent,Unmarked
7elo,Descriptors,18 June 2026 15:17,No,sweet / nice,Unmarked
jad / jadi,Descriptors,18 June 2026 15:17,No,serious / being serious,Unmarked
mo5talef,Descriptors,18 June 2026 15:17,No,different,Unmarked
aktar,Descriptors,18 June 2026 15:17,No,more,Unmarked
sha59i,Descriptors,18 June 2026 15:17,No,personal,Unmarked
sari3,Descriptors,18 June 2026 15:17,No,fast,Unmarked
wa9'e7,Descriptors,18 June 2026 15:17,No,clear,Unmarked
6ayeb,Descriptors,18 June 2026 15:17,No,tasty,Unmarked
a7la,Descriptors,18 June 2026 15:17,No,nicer / sweeter,Unmarked
a7san,Descriptors,18 June 2026 15:17,No,better,Unmarked
3'areeb,Descriptors,18 June 2026 15:17,No,strange,Unmarked
jahez,Descriptors,18 June 2026 15:17,No,ready,Unmarked
e79'ar,Descriptors,18 June 2026 15:17,No,to participate,Unmarked
taswi8 ra8mi,Abstract and Topics,18 June 2026 15:17,No,digital marketing,Unmarked
9a3eb,Descriptors,18 June 2026 15:17,No,difficult,Unmarked
sha2i3a,Descriptors,18 June 2026 15:17,No,common / popular,Unmarked
9'arori,Descriptors,18 June 2026 15:17,No,necessary,Unmarked
maw9'003,Abstract and Topics,18 June 2026 15:17,No,topic,Unmarked
2aham,Descriptors,18 June 2026 15:17,No,more important,Unmarked
warra,Abstract and Topics,18 June 2026 15:17,No,back,Unmarked
saya8,Abstract and Topics,18 June 2026 15:17,No,context,Unmarked
ta3ab,Descriptors,18 June 2026 15:17,No,tiring,Unmarked
2adder,Abstract and Topics,18 June 2026 15:17,No,to appreciate,Unmarked
mnee7,Descriptors,18 June 2026 15:17,No,good,Unmarked
ra8mi,Abstract and Topics,18 June 2026 15:17,No,digital,Unmarked
majal,Abstract and Topics,18 June 2026 15:17,No,field / area,Unmarked
ma9boo6,Descriptors,18 June 2026 15:17,No,acceptable,Unmarked
2a9ira / 2a9ir / 2a9iret,Descriptors,18 June 2026 15:17,No,short (f / m / f),Unmarked
bayen,Phrases and Expressions,18 June 2026 15:17,No,appear / show up,Unmarked
5alina nroo7,Phrases and Expressions,18 June 2026 15:17,No,let's go,Unmarked
b al nesbeh 2li,Phrases and Expressions,18 June 2026 15:17,No,for me,Unmarked
had al esboo3 kan mnee7,Phrases and Expressions,18 June 2026 15:17,No,this week was good,Unmarked
kamel,Descriptors,18 June 2026 15:17,No,perfect / completed,Unmarked
aw9'a7,Descriptors,18 June 2026 15:17,No,clearer,Unmarked
bedh yah,Phrases and Expressions,18 June 2026 15:17,No,he wants him,Unmarked
6abi3i,Descriptors,18 June 2026 15:17,No,normal / natural,Unmarked
al a5eera,Phrases and Expressions,18 June 2026 15:17,No,the latest / recent,Unmarked
a93'ar,Descriptors,18 June 2026 15:17,No,smaller,Unmarked
bedi yaki,Phrases and Expressions,18 June 2026 15:17,No,"I want you (f, to do something)",Unmarked
kam al sa3a,Phrases and Expressions,18 June 2026 15:17,No,what time is it,Unmarked
6awil,Descriptors,18 June 2026 15:17,No,tall / long,Unmarked
af9'al,Descriptors,18 June 2026 15:17,No,better / more preferred,Unmarked
kifayeh / kafi,Descriptors,18 June 2026 15:17,No,enough,Unmarked
bedi yak t-roo7,Phrases and Expressions,18 June 2026 15:17,No,I want you to go (to him),Unmarked
momken 6alab,Phrases and Expressions,18 June 2026 15:17,No,can I order,Unmarked
36ini majal a7ki,Phrases and Expressions,18 June 2026 15:17,No,give me a chance to talk,Unmarked
bi3eed,Descriptors,18 June 2026 15:17,No,far away,Unmarked
ma t-akol hem,Phrases and Expressions,18 June 2026 15:17,No,don't worry,Unmarked
etmasha / emshi,Verbs,18 June 2026 15:42,Yes,"walk (imperative - for the sake of walking itself, e.g. a stroll/exercise)",Unmarked
mashy,Verbs,18 June 2026 15:42,Yes,"walk (imperative - for the sake of getting somewhere, has a destination)",Unmarked
ma7al,People and Places,18 June 2026 15:49,No,store,Unmarked
mar7ali,Descriptors,18 June 2026 15:49,No,local (adjective),Unmarked
she3'el,Verbs,18 June 2026 15:54,No,work,Unmarked
wazze3,Verbs,18 June 2026 16:14,No,distribute,Unmarked
manshoor,Abstract and Topics,18 June 2026 16:14,No,leaflet,Unmarked
ma7aliyeh,Descriptors,18 June 2026 16:14,No,local,Unmarked
manshorat,Abstract and Topics,18 June 2026 16:14,No,leaflets,Unmarked
et2assam,Verbs,18 June 2026 16:14,No,it is being divided,Unmarked
2assamet,Verbs,18 June 2026 16:14,No,I divided,Unmarked
ta2ssim,Abstract and Topics,18 June 2026 16:14,No,division,Unmarked
tafkeer,Abstract and Topics,21 June 2026 13:06,No,thinking,Unmarked
ashel,Descriptors,21 June 2026 13:06,No,easier (pronounced es-hel),Unmarked
mota3eb,Descriptors,21 June 2026 13:06,No,tiring,Unmarked
"fe3el 2amr ",,25 June 2026 16:20,Yes,"Imperative deed  /verb ",
mota3eb,Descriptors,2 July 2026 15:04,No,tiring,Unmarked
manshoor,Abstract and Topics,2 July 2026 15:04,No,leaflet,Unmarked
2a9di,Phrases and Expressions,2 July 2026 15:04,No,I mean,Unmarked
ta5fif,Verbs,2 July 2026 15:04,No,to reduce,Unmarked
9a33eb,Verbs,2 July 2026 15:04,No,"to make something difficult (imperative, double 3)",Unmarked
she3'el,Verbs,2 July 2026 15:04,No,work,Unmarked
9eef,Abstract and Topics,2 July 2026 15:04,No,summer,Unmarked
36i,Verbs,2 July 2026 15:04,No,give (imperative),Unmarked
darajeh,Abstract and Topics,2 July 2026 15:04,No,degree,Unmarked
mom6era,Descriptors,2 July 2026 15:04,No,rainy,Unmarked
et2assam,Verbs,2 July 2026 15:04,No,it is being divided,Unmarked
ma7aliyeh,Descriptors,2 July 2026 15:04,No,local,Unmarked
wazze3,Verbs,2 July 2026 15:04,No,distribute,Unmarked
5a9a,Descriptors,2 July 2026 15:04,No,special,Unmarked
ta2ssim,Abstract and Topics,2 July 2026 15:04,No,division,Unmarked
mota8aleb,Descriptors,2 July 2026 15:04,No,shaky / unstable,Unmarked
ma3joo2,Descriptors,2 July 2026 15:04,No,crowded,Unmarked
wa9'e3,Goals and Ideas,2 July 2026 15:04,No,position / situation,Unmarked
2assamet,Verbs,2 July 2026 15:04,No,I divided,Unmarked
manshorat,Abstract and Topics,2 July 2026 15:04,No,leaflets,Unmarked
mar7ali,Descriptors,2 July 2026 15:04,No,local (adjective),Unmarked
ashel,Descriptors,2 July 2026 15:04,No,easier (pronounced es-hel),Unmarked
7arara,Abstract and Topics,2 July 2026 15:04,No,heat,Unmarked
met2a5er,Descriptors,2 July 2026 15:04,No,late,Unmarked
tafkeer,Abstract and Topics,2 July 2026 15:04,No,thinking,Unmarked
ensit,Verbs,2 July 2026 15:04,No,I forgot,Unmarked
ma7al,People and Places,2 July 2026 15:04,No,store,Unmarked
kenna,Core and Connectors,2 July 2026 15:12,No,we were,Unmarked
eji,Verbs,2 July 2026 15:12,No,come (imperative),Unmarked
wa2afna,Verbs,2 July 2026 15:12,No,we stopped,Unmarked
na9'if,Descriptors,2 July 2026 15:12,No,clean,Unmarked
laa,Core and Connectors,2 July 2026 15:12,No,don't (stronger negation),Unmarked
3'erfeh,People and Places,2 July 2026 15:12,No,room,Unmarked
honik,Core and Connectors,2 July 2026 15:16,No,there / over there,Unmarked
wa9al,Verbs,2 July 2026 15:43,No,to arrive / reach (past),Unmarked
w9al,Verbs,2 July 2026 15:43,No,arrive / reach (imperative of wa9al),Unmarked
3awda,Verbs,2 July 2026 16:23,No,coming back,Unmarked
mehaniyeh,Descriptors,2 July 2026 16:23,No,career / professional,Unmarked
3ood,Verbs,2 July 2026 16:23,No,return (verb),Unmarked
b-y-3ood 2lak,Phrases and Expressions,2 July 2026 16:23,No,returns to you (m),Unmarked
3amal,Abstract and Topics,2 July 2026 16:23,No,job,Unmarked
nasbak,Phrases and Expressions,2 July 2026 16:23,No,suits you (m),Unmarked
wejhet,Abstract and Topics,2 July 2026 16:23,No,destination,Unmarked
5yyarat,Abstract and Topics,2 July 2026 16:23,No,choices (plural),Unmarked
na9'ar,Abstract and Topics,2 July 2026 16:23,No,vision,Unmarked
noo3,Abstract and Topics,2 July 2026 16:23,No,type,Unmarked
5yyar,Abstract and Topics,2 July 2026 16:23,No,choice,Unmarked
ehtemam,Abstract and Topics,7 July 2026 16:07,No,interest,Unmarked
et6awar,Verbs,7 July 2026 16:07,No,developing (imperative),Unmarked
zaki,Descriptors,7 July 2026 16:07,No,smart,Unmarked
motheer,Descriptors,7 July 2026 16:07,No,irritating / attractive when said about a person,Unmarked
zaka2,Abstract and Topics,7 July 2026 16:07,No,intelligence,Unmarked
6awar,Verbs,7 July 2026 16:07,No,develop (imperative),Unmarked
e96ina3i,Descriptors,7 July 2026 16:07,No,artificial,Unmarked
dawra,People and Places,7 July 2026 16:19,No,course,Unmarked
jaaweb,Verbs,7 July 2026 16:19,No,to answer (imperative),Unmarked
3aam,Descriptors,9 July 2026 16:01,No,public,Unmarked
9'if,Verbs,9 July 2026 16:10,No,to add,Unmarked
masa7a,Abstract and Topics,9 July 2026 16:10,No,space,Unmarked
2alel,Verbs,9 July 2026 16:10,No,to shrink,Unmarked
fera9,Abstract and Topics,9 July 2026 16:10,No,opportunities,Unmarked
2amr,Verbs,12 July 2026 12:36,No,Order,
3adeh,Abstract and Topics,12 July 2026 12:37,No,habit / usually,Unmarked
22mor,,12 July 2026 12:45,Yes,"Order (Imperative) ",
,,12 July 2026 12:47,No,,
3’alat,,12 July 2026 12:47,No,wrong,
3akes,,12 July 2026 12:49,No,contrary / opposite,
wa9if,,12 July 2026 12:50,No,description / adjective,
e7taj,,12 July 2026 12:52,Yes,to need,
b-shakel 3aam,Phrases and Expressions,12 July 2026 12:54,No,generally,
"jeze2 ",,12 July 2026 12:57,No,Part,
hdloon,,12 July 2026 13:02,No,These (plural),
ya ema,,12 July 2026 13:03,No,either (comparing two things),
England,,12 July 2026 13:03,No,Bri6ania,
Faz,,12 July 2026 13:06,No,won (he male),
ma,,12 July 2026 13:06,No,negation (with exception),
,,12 July 2026 13:07,No,when negating people,
"jamme3 ",,12 July 2026 13:09,No,plural,
fe3el mustamer,,12 July 2026 13:10,No,continuous word,
al korra,People and Places,12 July 2026 13:25,No,the ball / also used for football,Unmarked
manha,Core and Connectors,12 July 2026 13:25,No,she's not (negation of to be),Unmarked
mankm,Core and Connectors,12 July 2026 13:25,No,you're not - plural (negation of to be),Unmarked
manh,Core and Connectors,12 July 2026 13:25,No,he's not (negation of to be),Unmarked
koret al 8adam,People and Places,12 July 2026 13:25,No,football (literal: ball of the foot),Unmarked
manak,Core and Connectors,12 July 2026 13:25,No,you're not - m (negation of to be),Unmarked
mani,Core and Connectors,12 July 2026 13:25,No,I'm not (negation of to be),Unmarked
manhn,Core and Connectors,12 July 2026 13:25,No,they're not (negation of to be),Unmarked
manik,Core and Connectors,12 July 2026 13:25,No,you're not - f (negation of to be),Unmarked
manna,Core and Connectors,12 July 2026 13:25,No,we're not (negation of to be),Unmarked
Homework,,12 July 2026 13:25,No,,
,,12 July 2026 13:25,No,,
6alab,Core and Connectors,19 July 2026 13:25,No,request,Unmarked
e6lob,Verbs,19 July 2026 13:25,No,request/order (imperative),Unmarked
b al 3adeh,Time and Sequence,19 July 2026 13:25,No,usually,Unmarked
2a9dak,Phrases and Expressions,19 July 2026 13:25,No,you mean (m),Unmarked
6ale3,Verbs,19 July 2026 13:25,No,to get something out (imperative),Unmarked
9andoo2,Abstract and Topics,19 July 2026 13:25,No,box,Unmarked
ka,Core and Connectors,19 July 2026 13:25,No,as,Unmarked
katheef,Descriptors,19 July 2026 13:25,No,intensive,Unmarked
mokathaf,Verbs,19 July 2026 13:25,No,to intensify (verb),Unmarked
3eesh,Verbs,19 July 2026 13:25,No,to live (imperative),Unmarked
yeshte3'el b shakel mokathaf,Phrases and Expressions,19 July 2026 13:25,No,works intensively / in an intensified way,Unmarked
mo3anat,Feelings and States,19 July 2026 13:25,No,suffering (noun),Unmarked
3ani,Verbs,19 July 2026 13:25,No,to suffer (imperative),Unmarked
et7asan,Verbs,21 July 2026 16:22,No,to get better,Unmarked
et6awar,Verbs,21 July 2026 16:22,No,to improve,Unmarked
tasawo8,Abstract and Topics,21 July 2026 16:23,No,shopping,Unmarked
9'if,Verbs,21 July 2026 16:23,No,to add,Unmarked
et8adam,Verbs,21 July 2026 16:23,No,to develop,Unmarked
edfa3,Verbs,21 July 2026 16:23,No,to pay,Unmarked
etzakar,Verbs,21 July 2026 16:23,No,to remember,Unmarked
na7ieh,Abstract and Topics,21 July 2026 16:23,No,aspect,Unmarked
a3'nya2,Descriptors,21 July 2026 16:23,No,rich,Unmarked
mori7,Descriptors,21 July 2026 16:23,No,comfortable,Unmarked
kasool,Descriptors,21 July 2026 16:23,No,lazy,Unmarked
waffer,Verbs,21 July 2026 16:23,No,to save money / to provide,Unmarked
taw2it,Abstract and Topics,21 July 2026 16:23,No,timing,Unmarked
na9,Abstract and Topics,21 July 2026 16:23,No,text,Unmarked
esta5dem,Verbs,21 July 2026 16:23,No,to use,Unmarked
maw8e3,People and Places,21 July 2026 16:23,No,site,Unmarked
fe2ara,Descriptors,21 July 2026 16:23,No,poor,Unmarked
meshse6,Abstract and Topics,21 July 2026 16:23,No,comb,Unmarked
hewayeh,Core and Connectors,26 July 2026 11:49,No,hobby (singular),Unmarked
hawayat,Core and Connectors,26 July 2026 11:49,No,hobbies (plural),Unmarked
fa9'i,Descriptors,26 July 2026 12:08,No,free / available,Unmarked
mana6e2,People and Places,30 July 2026 16:22,No,areas,Unmarked
balad,People and Places,30 July 2026 16:22,No,country,Unmarked
saye2,Descriptors,30 July 2026 16:22,No,bad,Unmarked
aswa2,Descriptors,30 July 2026 16:22,No,worse,Unmarked
la6if,Descriptors,30 July 2026 16:22,No,kind,Unmarked
mbayen,Descriptors,30 July 2026 16:22,No,appears / looks,Unmarked
dawleh,People and Places,30 July 2026 16:22,No,country,Unmarked
mota3adideh,Descriptors,30 July 2026 16:22,No,multiple,Unmarked
sya7a,Abstract and Topics,30 July 2026 16:22,No,tourism,Unmarked
tha8afeh,Abstract and Topics,30 July 2026 16:22,No,culture,Unmarked
zeret,Verbs,30 July 2026 16:22,No,visited,Unmarked
byeshbaho,Descriptors,30 July 2026 16:22,No,alike,Unmarked
mata7ef,People and Places,30 July 2026 16:22,No,museums,Unmarked
jeldieh,Abstract and Topics,30 July 2026 16:22,No,skin,Unmarked
modeer,People and Places,30 July 2026 16:22,No,manager,Unmarked
amra9',Abstract and Topics,30 July 2026 16:22,No,illnesses / diseases,Unmarked
janoob,People and Places,30 July 2026 16:22,No,south,Unmarked
man6i2a,People and Places,30 July 2026 16:22,No,area,Unmarked
shamal,People and Places,30 July 2026 16:22,No,north,Unmarked
sahel,Descriptors,30 July 2026 16:22,No,easy,Unmarked
3'ani,Descriptors,30 July 2026 16:22,No,rich,Unmarked
2erada,Abstract and Topics,30 July 2026 16:22,No,monkeys,Unmarked
fa2ira,Descriptors,30 July 2026 16:22,No,poor,Unmarked
sawi,Verbs,2 August 2026 19:27,No,to do,Unmarked
akleh,Abstract and Topics,2 August 2026 19:27,No,dish,Unmarked
se3er,Abstract and Topics,2 August 2026 19:27,No,price,Unmarked
akeltak,Abstract and Topics,2 August 2026 19:27,No,your dish,Unmarked
akel,Abstract and Topics,2 August 2026 19:27,No,food,Unmarked
6abe5,Verbs,2 August 2026 19:27,No,cooking (verb/gerund),Unmarked
sho al 6ab5a,Phrases and Expressions,2 August 2026 19:27,No,what are you cooking,Unmarked
kam t-a5od wa2et,Phrases and Expressions,2 August 2026 19:27,No,how long will it take you,Unmarked
6ab5a,Abstract and Topics,2 August 2026 19:27,No,"cooking / what's being cooked right now, or a specific dish",Unmarked
moshatat,Feelings and States,11 August 2026 18:28,No,confused,Unmarked
maw8e3 electroni,Abstract and Topics,11 August 2026 18:28,No,website (singular),Unmarked
3aashan heek,Phrases and Expressions,11 August 2026 18:28,No,that's why,Unmarked
2adeh,Core and Connectors,11 August 2026 18:28,No,how many,Unmarked
jeldieh,Descriptors,11 August 2026 18:28,No,"skin (adj., e.g. amra9' jeldieh = skin diseases)",Unmarked
mawared,Abstract and Topics,11 August 2026 18:28,No,resources (plural),Unmarked
3'er heek,Phrases and Expressions,11 August 2026 18:28,No,otherwise,Unmarked
fa3el,Descriptors,11 August 2026 18:28,No,subjective / active,Unmarked
5edemat,Abstract and Topics,11 August 2026 18:28,No,services,Unmarked
mrroneh,Abstract and Topics,11 August 2026 18:28,No,flexibility,Unmarked
ma3alumat,Abstract and Topics,11 August 2026 18:28,No,information (plural),Unmarked
majaani,Descriptors,11 August 2026 18:28,No,free (money) - singular,Unmarked
konna,Core and Connectors,11 August 2026 18:28,No,we were,Unmarked
et3'ayeret,Verbs,11 August 2026 18:28,No,changed (past tense),Unmarked
ete9al veedeo,Phrases and Expressions,11 August 2026 18:28,No,video call,Unmarked
al emkaniat,Abstract and Topics,11 August 2026 18:28,No,the ability,Unmarked
6ale3,Verbs,11 August 2026 18:28,No,going out / coming out,Unmarked
dawar,Verbs,11 August 2026 18:28,No,looking / searching,Unmarked
majaaniyeen,Descriptors,11 August 2026 18:28,No,free (money) - plural,Unmarked
ete9al,Abstract and Topics,11 August 2026 18:28,No,calling / connection,Unmarked
fora9,Abstract and Topics,11 August 2026 18:28,No,opportunities,Unmarked
ma b-ya3ni,Phrases and Expressions,11 August 2026 18:28,No,doesn't mean,Unmarked
al3ab electronieh,Abstract and Topics,11 August 2026 18:28,No,online/electronic games,Unmarked
e3ro9',Verbs,11 August 2026 18:28,No,to offer,Unmarked
mawa8e3 electronieh,Abstract and Topics,11 August 2026 18:28,No,websites (plural),Unmarked
ma3roof,Descriptors,11 August 2026 18:28,No,well known,Unmarked
nama6,Abstract and Topics,11 August 2026 18:28,No,pattern,Unmarked
monazam,Descriptors,11 August 2026 18:28,No,organised,Unmarked
3'er,Descriptors,11 August 2026 18:28,No,different / other,Unmarked
3a2el,Abstract and Topics,11 August 2026 18:28,No,mind,Unmarked
mawred,Abstract and Topics,11 August 2026 18:28,No,resource (singular),Unmarked
e3te8ed,Verbs,11 August 2026 18:30,No,I assume / I believe (possible variant spelling of e3te2ed - check with Amer),Unmarked
rah-kim,Verbs,11 August 2026 18:30,No,to accumulate (possible variant/tense of etrakam - check with Amer),Unmarked
sha2e3,Descriptors,11 August 2026 18:30,No,common / popular (possible variant spelling of sha2i3a - check with Amer),Unmarked
fakker,Verbs,13 August 2026 15:32,No,to think (imperative form); e.g. ma 2deret afakker b mawdoo3 = I couldn't think of a topic,Unmarked
jehed,Abstract and Topics,13 August 2026 16:20,No,effort,Unmarked
sya7,People and Places,13 August 2026 16:20,No,tourists (plural),Unmarked
3ayesh,Descriptors,13 August 2026 16:20,No,living (continuous/active participle),Unmarked
al taddris,Abstract and Topics,13 August 2026 16:20,No,teaching,Unmarked
sakan,Abstract and Topics,13 August 2026 16:20,No,housing,Unmarked
silseh,Descriptors,13 August 2026 16:20,No,smooth,Unmarked
lissatni,Phrases and Expressions,13 August 2026 16:20,No,I still,Unmarked
sa2e7,People and Places,13 August 2026 16:20,No,tourist,Unmarked
na3'meh,Abstract and Topics,13 August 2026 16:20,No,tune,Unmarked
en9a7,Verbs,13 August 2026 16:20,No,to advise / recommend,Unmarked
mo2le2,Descriptors,13 August 2026 16:20,No,stressful,Unmarked
3a9rieh,Descriptors,13 August 2026 16:20,No,modern,Unmarked
ra8am,Abstract and Topics,13 August 2026 16:20,No,number,Unmarked
fa55or feek,Phrases and Expressions,13 August 2026 16:20,No,proud of you,Unmarked
shrikki,People and Places,13 August 2026 16:20,No,my partner,Unmarked
2ala2,Feelings and States,13 August 2026 16:20,No,"stress - possible duplicate/variant of existing tawattor (stress), flag for Amer's confirmation",Unmarked
5a9a (especially),Phrases and Expressions,13 August 2026 16:20,No,"especially - possible duplicate/variant of existing 5a9a (special), flag for Amer's confirmation",Unmarked
fa55or,Descriptors,13 August 2026 16:20,No,proud,Unmarked
nasa,Verbs,13 August 2026 16:20,No,he forgot,Unmarked
7al2a,Abstract and Topics,13 August 2026 16:20,No,ring / episode,Unmarked
b-en9a7-ak,Phrases and Expressions,13 August 2026 16:20,No,I advise you,Unmarked
3adad,Abstract and Topics,13 August 2026 16:20,No,number,Unmarked
lissa,Time and Sequence,13 August 2026 16:20,No,still,Unmarked
7alian,Time and Sequence,13 August 2026 16:20,No,currently,Unmarked
3eesh,Verbs,13 August 2026 16:20,No,to live,Unmarked
fahman,Feelings and States,13 August 2026 16:20,No,understanding (continuous),Unmarked
lissatna,Phrases and Expressions,13 August 2026 16:20,No,we still,Unmarked
metfaje2,Feelings and States,13 August 2026 16:20,No,surprised (continuous),Unmarked
tana3'om,Abstract and Topics,13 August 2026 16:20,No,harmony,Unmarked
sokan,Abstract and Topics,13 August 2026 16:20,No,population,Unmarked
naso,Verbs,13 August 2026 16:20,No,they forgot,Unmarked
motabadal,Descriptors,13 August 2026 16:20,No,mutual,Unmarked
2lna,Phrases and Expressions,13 August 2026 16:20,No,ours,Unmarked
2lak,Phrases and Expressions,13 August 2026 16:20,No,yours,Unmarked
lissatak,Phrases and Expressions,13 August 2026 16:20,No,you still,Unmarked
2li,Phrases and Expressions,13 August 2026 16:20,No,mine,Unmarked
jed,Descriptors,13 August 2026 16:20,No,earnestly / seriously,Unmarked
5aberni,Phrases and Expressions,13 August 2026 16:26,No,inform me (imperative),Unmarked
ba3atet,Verbs,13 August 2026 16:26,No,I sent,Unmarked
ba3attha,Verbs,13 August 2026 16:26,No,I sent her,Unmarked
5arabet,Verbs,13 August 2026 16:26,No,you informed,Unmarked
ba3atelak,Verbs,13 August 2026 16:26,No,I sent to you,Unmarked
6abi3ieh,Descriptors,16 August 2026 13:25,No,natural,Unmarked
fee2,Verbs,16 August 2026 13:25,No,to wake up,Unmarked
9'e3na,Verbs,16 August 2026 13:25,No,we got lost,Unmarked
emshi,Verbs,16 August 2026 13:25,No,to walk,Unmarked
sa7ra,Abstract and Topics,16 August 2026 13:25,No,dessert,Unmarked
tarkkiz,Abstract and Topics,16 August 2026 13:25,No,focusing,Unmarked
kaman shway,Time and Sequence,16 August 2026 13:25,No,later / in a bit,Unmarked
ajhizeh,Abstract and Topics,16 August 2026 13:25,No,devices,Unmarked
tasalo8,Abstract and Topics,16 August 2026 13:25,No,hiking,Unmarked
markaz,People and Places,16 August 2026 13:25,No,center,Unmarked
sajjalna / sajjel,Verbs,16 August 2026 13:25,No,we recorded / to record,Unmarked
jebal / jabal,People and Places,16 August 2026 13:25,No,mountains / mountain,Unmarked
jazireh,People and Places,16 August 2026 13:25,No,island,Unmarked
kel ma t-roo7 b3id,Phrases and Expressions,16 August 2026 13:25,No,the more you go away,Unmarked
barra,Core and Connectors,16 August 2026 13:25,No,outside,Unmarked
6amoo7,Abstract and Topics,16 August 2026 13:25,No,passion,Unmarked
kel ma t-a5od 5e6weh,Phrases and Expressions,16 August 2026 13:25,No,every step you take away from,Unmarked
8oweh,Abstract and Topics,16 August 2026 13:25,No,power / strength,Unmarked
3yoon,Abstract and Topics,16 August 2026 13:25,No,eyes,Unmarked
3e6let al esboo3,Time and Sequence,16 August 2026 13:25,No,weekend,Unmarked
masafeh,Abstract and Topics,16 August 2026 13:25,No,distance,Unmarked
men enh y-w9al l 3andna,Phrases and Expressions,16 August 2026 13:25,No,from arrive to us,Unmarked
sa3ad,Verbs,16 August 2026 13:25,No,"to help (full conj: sa3adet-I, sa3adti-you f, sa3adto-you pl, sa3ad-he, sa3adet-she, sa3ado-they, sa3adna-we)",Unmarked
wa2if,Verbs,16 August 2026 13:25,No,to stop,Unmarked
al 3asal,Abstract and Topics,16 August 2026 13:25,No,honey,Unmarked
shebbak,Abstract and Topics,16 August 2026 13:25,No,window,Unmarked
etzakar / etzakaret,Verbs,16 August 2026 13:25,No,to remember / I remembered,Unmarked
8anat,Abstract and Topics,16 August 2026 13:25,No,channel,Unmarked
3e6leh,Time and Sequence,16 August 2026 13:25,No,days off,Unmarked
makateb,People and Places,16 August 2026 13:25,No,offices,Unmarked
abnieh / bina2,People and Places,16 August 2026 13:25,No,buildings / building,Unmarked
fihn,Core and Connectors,16 August 2026 13:25,No,in them,Unmarked
e5telef,Verbs,23 August 2026 14:47,No,To be different,Unmarked
tashaboh,Abstract and Topics,23 August 2026 14:47,No,Similarity,Unmarked
3'ayr,Descriptors,23 August 2026 14:47,No,Different / comparison,Unmarked
8awasem moshtaraket,Phrases and Expressions,23 August 2026 14:47,No,Common denominators (must be said together),Unmarked
mo2akad,Descriptors,23 August 2026 14:47,No,Certain / definitive,Unmarked
fa5oor / fa5oor fiha,Descriptors,23 August 2026 14:47,No,Proud / proud of her,Unmarked
"rakad (rakked-base/imp, rakkadet-I/she ran, rakkad-he ran)",Verbs,23 August 2026 14:47,No,To run,Unmarked
sha59ieh / sha59iti / sha59itha,Abstract and Topics,23 August 2026 14:47,No,Personality / my personality / her personality,Unmarked
"sa8 (sa2et-she drove, se2et-I drove)",Verbs,23 August 2026 14:47,No,To drive (flag: fem/1st person forms differ - confirm with Amer),Unmarked
eshbah / t-eshbah-ni,Verbs,23 August 2026 14:47,No,To look alike / she looks like me,Unmarked
ejtima3i / ejtema3yeen,Descriptors,23 August 2026 14:47,No,Meeting / social (also social - plural),Unmarked
resaleh,Abstract and Topics,23 August 2026 14:47,No,Message,Unmarked
sha59itha 3'ayr sha59iti,Phrases and Expressions,23 August 2026 14:47,No,Her personality is different to my personality,Unmarked
riya9'a,Abstract and Topics,23 August 2026 14:47,No,Sport,Unmarked
"saba7 (saba7-he swam, saba7et-I swam, seb7et-she swam)",Verbs,23 August 2026 14:47,No,To swim (flag: seb7et differs from expected pattern - confirm with Amer),Unmarked
a5'ar / 5a9'ra / 5e9'er,Descriptors,23 August 2026 14:47,No,Green (m / f / pl),Unmarked
riya9'i,People and Places,23 August 2026 14:47,No,Athlete,Unmarked
loonhn,Abstract and Topics,23 August 2026 14:47,No,Their colour,Unmarked
e5tilaf,Abstract and Topics,23 August 2026 14:47,No,Difference (more like a complete difference),Unmarked
3amer,Abstract and Topics,23 August 2026 14:47,No,"Age (flag: unusual, normally 3omor - confirm with Amer)",Unmarked
moshtarakeh,Descriptors,23 August 2026 14:47,No,Mutual,Unmarked
seba8,Abstract and Topics,23 August 2026 14:47,No,Race,Unmarked
"sawa (full conj: sawa-he, sawwet-I/you m/she, sawweti-you f, sawweto-you pl, sawwena-we, sawo-they)",Verbs,23 August 2026 14:47,No,To do / to make,Unmarked
taw2am,People and Places,23 August 2026 14:47,No,Twin,Unmarked
asmak,Descriptors,8 September 2026 16:57,No,thicker,
Nasha6aat,Abstract and Topics,8 September 2026 16:57,No,activities,
byenshara2,Descriptors,8 September 2026 16:57,No,buyable,
9'afade3,Abstract and Topics,8 September 2026 16:57,No,frogs,
mo9'if,Descriptors,8 September 2026 16:57,No,hospitable,
3a2el,Abstract and Topics,8 September 2026 16:57,No,mind,
la7za,Time and Sequence,8 September 2026 16:57,No,moment,
naher,People and Places,8 September 2026 16:57,No,river,
3'arb,People and Places,8 September 2026 16:57,No,west,
e5tilaf,Abstract and Topics,8 September 2026 16:57,No,difference,
3amaar,Abstract and Topics,8 September 2026 16:57,No,architecture,
9'al,Verbs,8 September 2026 16:57,No,to stay,
e3teber,Verbs,8 September 2026 16:57,No,to consider,
7adaye2,People and Places,8 September 2026 16:57,No,parks,
nafs,Abstract and Topics,8 September 2026 16:57,No,self,
bin,Abstract and Topics,8 September 2026 16:57,No,beans,
eshteki menh,Phrases and Expressions,8 September 2026 16:57,No,complain from it,
2addem,Verbs,8 September 2026 16:57,No,to submit or apply,
ma3jo2a,Descriptors,8 September 2026 16:57,No,jammed,
3'ali,Descriptors,8 September 2026 16:57,No,expensive,
e9lh,Abstract and Topics,8 September 2026 16:57,No,its originally,
esta3mel,Verbs,8 September 2026 16:57,No,to use,
lo3'a,Abstract and Topics,8 September 2026 16:57,No,language,
maharaat,Abstract and Topics,8 September 2026 16:57,No,skills,
man6i2a,People and Places,8 September 2026 16:57,No,area,
mashhoor,Descriptors,8 September 2026 16:57,No,popular / famous,
3allem mithali,Phrases and Expressions,8 September 2026 16:57,No,perfect world,
mithali,Descriptors,8 September 2026 16:57,No,perfect,
la6eef,Descriptors,8 September 2026 16:57,No,kind,
samak,Abstract and Topics,8 September 2026 16:57,No,fish,
mirr,Descriptors,8 September 2026 16:57,No,bitter,
maher,Descriptors,8 September 2026 16:57,No,skilled,
ra2i,Abstract and Topics,8 September 2026 16:57,No,opinion,
hneek,Core and Connectors,8 September 2026 16:57,No,there,
bildan,People and Places,8 September 2026 16:57,No,countries,
shakwa,Abstract and Topics,8 September 2026 16:57,No,complaint,
anhor,People and Places,8 September 2026 16:57,No,rivers,
fareed,Descriptors,8 September 2026 16:57,No,unique,
ma3roof,Descriptors,8 September 2026 16:57,No,well known,
mon3'ale8een,Descriptors,8 September 2026 16:57,No,closed minded people,
eshteki,Verbs,8 September 2026 16:57,No,to complain,
7adi2a,People and Places,8 September 2026 16:57,No,park,
eskon,Verbs,8 September 2026 16:57,No,to stay / to live,
a9li,Abstract and Topics,8 September 2026 16:57,No,i'm originally,
mon3'ale8,Descriptors,8 September 2026 16:57,No,closed,
mowazzaf,People and Places,8 September 2026 16:57,No,worker,
smeek,Descriptors,8 September 2026 16:57,No,thick,
a9el,Abstract and Topics,8 September 2026 16:57,No,origin,
zamili b al sakan,People and Places,8 September 2026 16:57,No,my housemate,
Ma6a3em,People and Places,8 September 2026 16:57,No,restaurants,
esta3malet,Verbs,8 September 2026 16:57,No,used,
mahreen,Descriptors,8 September 2026 16:57,No,skilled,
sha3'oof,Descriptors,8 September 2026 16:57,No,passionate,
mo5talfeh,Descriptors,8 September 2026 16:57,No,different,
motheer ll ehtemam,,13 September 2026 12:38,No,intresting,
"ijazeh ",,13 September 2026 12:39,No,holiday,
mo2a5aran,,13 September 2026 12:42,No,Recently,
mawa9'i3,,13 September 2026 12:45,No,topics,
,,13 September 2026 12:48,No,,
et3alamnaha,,13 September 2026 12:48,No,We didnt learn it (fem),
6alab,,13 September 2026 12:50,No,demand,
to expect,,13 September 2026 12:52,No,etwa8a3,
6aleb,,13 September 2026 12:53,No,student,
7el,,13 September 2026 12:57,No,to solve,
joking,,13 September 2026 12:58,No,maze7,
emza7,,13 September 2026 12:58,Yes,to joke,
9'a7ek,,13 September 2026 13:01,No,To make (atyn) laugh,
9'e7ek,,13 September 2026 13:02,No,Laughing,
b-y-9’a7k-o-ni,,13 September 2026 13:03,No,they make me laugh,
met3ale2,,13 September 2026 13:05,No,relatable / attatched,
met3ale2een feni,,13 September 2026 13:07,No,relatable to me (plural),
e9’7ak,,13 September 2026 13:15,Yes,to laugh (laugh),